id,title,story_ref,story_type,need,type,severity,inclusion_risk,evidence,notes,candidate_fix,status,fix_evidence
wk8-01,No-JS delete has no confirmation,,tradeoff,risk,functionality,high,medium,,"No confirmation dialog when JavaScript is disabled – accidental deletes are harder to recover from.",Add optional confirmation page or soft-delete with undo window,,
wk8-02,Limited feedback for no-JS filtering,,tradeoff,ux,medium,low,,"Filter changes rely on full page reload and text result count only.",Consider stronger visual emphasis or summary panel for filtered state,,
wk9-01,No success feedback after add task in No-JS mode,,usability,need,ux,high,high,"wk09/data/pilot-notes.md P4; wk09/analysis/findings.md Theme 1; wk09/analysis/evidence-chains.md Chain 1","PRG redirect shows no confirmation message. P4 said 'I think it worked but there is no confirmation'. Confidence 3/5 for T3.",Add flash message or success banner to No-JS add flow,true,fixed,"wk10/evidence/reverification.md; wk10/assessment/04-key-diffs.md"
wk9-02,Edit save confirmation not prominent enough,,usability,need,ux,high,medium,"wk09/data/pilot-notes.md P1-P4; wk09/analysis/findings.md Theme 2; wk09/analysis/evidence-chains.md Chain 2","4/5 participants expressed uncertainty after saving. Status message too subtle. P4 confidence 2/5 for T2.",Enhance status message visibility with larger text or visual highlight,true,fixed,"wk10/evidence/reverification.md; wk10/assessment/04-key-diffs.md"
wk9-03,No-JS edit error message not keyboard-focusable,,a11y,need,a11y,medium,high,"wk09/data/pilot-notes.md P4; wk09/analysis/evidence-chains.md Chain 3","Error appears at top of page but focus remains at form. P4 had to scroll up to find error. WCAG 3.3.1 and 2.4.3.",Add tabindex=-1 to error summary and focus on page load,true,fixed,"wk10/evidence/reverification.md; wk10/assessment/04-key-diffs.md"
wk9-04,Filter input not immediately discoverable,,usability,nice,ux,medium,low,"wk09/data/pilot-notes.md P2; wk09/analysis/findings.md Theme 3","P2 took 30 seconds to find filter. Suggested adding label or placeholder.",Add placeholder text or visible label to filter input,false,deferred,
wk9-05,Focus management after delete could be improved,,a11y,nice,a11y,low,medium,"wk09/data/pilot-notes.md P3; wk09/analysis/evidence-chains.md Chain 5","After delete focus moves to next item without announcement. P3 noted slight disorientation. WCAG 2.4.3.",Consider announcing deletion and new focus location via aria-live,false,deferred,
wk11-01,Verify VoiceOver screen reader coverage,,a11y,need,a11y,high,high,"wk11/crit/feedback-received.md Peer 1","NVDA/Orca covered; macOS VoiceOver untested. Need parity evidence.","Test with VoiceOver, add transcript/screenshot, log results in evidence folder",open,
wk11-02,Focus outline contrast below 3:1,,a11y,need,a11y,medium,medium,"wk11/crit/feedback-received.md Peer 2","Current outline approx 2.8:1; may fail WCAG 2.4.11 focus appearance.","Darken focus color, re-measure contrast, update custom.css and evidence",open,
wk11-03,Remaining T2 errors cause unclear,,ux,need,ux,medium,medium,"wk09/analysis/findings.md; wk11/crit/feedback-received.md Staff","Post-redesign error rate ~25% for T2; root cause not isolated.","Run focused pilot on T2, inspect focus/validation flow, document findings",open,
